[{"model": "addresses.place", "pk": 4, "fields": {"name": "Star Burger Европейский", "lng": -116.492188, "lat": 43.691698}}, {"model": "addresses.place", "pk": 5, "fields": {"name": "Москва, пл. Киевского Вокзала, 2", "lng": 37.566072, "lat": 55.744637}}, {"model": "addresses.place", "pk": 6, "fields": {"name": "Star Burger Цветной", "lng": 43.070086, "lat": 46.525195}}, {"model": "addresses.place", "pk": 7, "fields": {"name": "Star Burger Арбат", "lng": 44.403302, "lat": 40.138327}}, {"model": "addresses.place", "pk": 8, "fields": {"name": "Москва, Академика Волгина 4", "lng": 37.520842, "lat": 55.654645}}, {"model": "addresses.place", "pk": 9, "fields": {"name": "Москва, Академика Волгина 5", "lng": 37.520599, "lat": 55.653218}}, {"model": "addresses.place", "pk": 10, "fields": {"name": "Москва, Академика Волгина 7", "lng": 37.520482, "lat": 55.652441}}, {"model": "addresses.place", "pk": 11, "fields": {"name": "Москва, пл. Киевского Вокзала, 228", "lng": 37.567455, "lat": 55.743988}}, {"model": "addresses.place", "pk": 12, "fields": {"name": "Лондон", "lng": -0.127696, "lat": 51.507351}}, {"model": "foodcartapp.restaurant", "pk": 1, "fields": {"name": "Star Burger Арбат", "address": "Москва, ул. Новый Арбат, 15", "contact_phone": "+7 (967) 157-44-13"}}, {"model": "foodcartapp.restaurant", "pk": 2, "fields": {"name": "Star Burger Цветной", "address": "Москва, Цветной бульвар, 11с2", "contact_phone": "+7 (929) 949-55-36"}}, {"model": "foodcartapp.restaurant", "pk": 3, "fields": {"name": "Star Burger Европейский", "address": "Москва, пл. Киевского Вокзала, 2", "contact_phone": "+7 (929) 680-47-58"}}, {"model": "foodcartapp.productcategory", "pk": 1, "fields": {"name": "Бургер"}}, {"model": "foodcartapp.productcategory", "pk": 2, "fields": {"name": "Ролл"}}, {"model": "foodcartapp.product", "pk": 1, "fields": {"name": "Стейкхаус", "category": 1, "price": "269.00", "image": "steak.jpg", "special_status": false, "description": "Стейкхаус – это сочетание нашей фирменной, приготовленной на огне 100% говядины с ломтиками бекона и соусом «Барбекю», майонезом, листьями свежего салата, помидором и хрустящим луком на воздушной було"}}, {"model": "foodcartapp.product", "pk": 2, "fields": {"name": "Лонг Чизбургер", "category": 1, "price": "219.00", "image": "long_chiz.jpg", "special_status": false, "description": "Лонг Чизбургер – эталон в коллекции чизбургеров! Два приготовленных на огне бифштекса с двумя ломтиками слегка расплавленного сыра, хрустящими огурчиками, рубленым луком, горчицей и кетчупом на длинно"}}, {"model": "foodcartapp.product", "pk": 3, "fields": {"name": "Тройной Воппер", "category": 1, "price": "500.00", "image": "triple_vopper.jpg", "special_status": false, "description": "ВОППЕР® — это вкуснейшая приготовленная на огне 100% говядина с сочными помидорами, свежим нарезанным листовым салатом, густым майонезом, хрустящими маринованными огурчиками и свежим луком на нежной б"}}, {"model": "foodcartapp.product", "pk": 4, "fields": {"name": "Беконайзер", "category": 1, "price": "319.00", "image": "beconizer.jpg", "special_status": false, "description": "Встречай самый внушительный бургер в коллекции Бургер Кинг. Много мяса, много бекона и много сыра - все, как ты любишь, и ничего лишнего!"}}, {"model": "foodcartapp.product", "pk": 5, "fields": {"name": "Фиш Ролл", "category": 2, "price": "199.00", "image": "fish_roll.jpg", "special_status": false, "description": "Наш новый ролл с аппетитной котлеткой из филе белой рыбы, с фирменным соусом, маринованными огурчиками и хрустящим салатом. Легкое рыбное удовольствие!"}}, {"model": "foodcartapp.product", "pk": 6, "fields": {"name": "Шримп Ролл", "category": 2, "price": "209.00", "image": "shrimp_roll.jpg", "special_status": false, "description": "Легкий ролл с нежными королевскими креветками в хрустящей панировке, свежий салат Айсберг и ломтик сыра в пшеничной лепешке под фирменным соусом «Кинг». Внимание! Блюдо содержит аллергены – морепродук"}}, {"model": "foodcartapp.restaurantmenuitem", "pk": 1, "fields": {"restaurant": 3, "product": 1, "availability": true}}, {"model": "foodcartapp.restaurantmenuitem", "pk": 2, "fields": {"restaurant": 3, "product": 2, "availability": true}}, {"model": "foodcartapp.restaurantmenuitem", "pk": 3, "fields": {"restaurant": 3, "product": 3, "availability": true}}, {"model": "foodcartapp.restaurantmenuitem", "pk": 4, "fields": {"restaurant": 3, "product": 4, "availability": true}}, {"model": "foodcartapp.restaurantmenuitem", "pk": 5, "fields": {"restaurant": 3, "product": 5, "availability": true}}, {"model": "foodcartapp.restaurantmenuitem", "pk": 6, "fields": {"restaurant": 3, "product": 6, "availability": true}}, {"model": "foodcartapp.restaurantmenuitem", "pk": 7, "fields": {"restaurant": 2, "product": 1, "availability": true}}, {"model": "foodcartapp.restaurantmenuitem", "pk": 8, "fields": {"restaurant": 2, "product": 2, "availability": true}}, {"model": "foodcartapp.restaurantmenuitem", "pk": 9, "fields": {"restaurant": 2, "product": 3, "availability": true}}, {"model": "foodcartapp.restaurantmenuitem", "pk": 10, "fields": {"restaurant": 2, "product": 4, "availability": true}}, {"model": "foodcartapp.restaurantmenuitem", "pk": 11, "fields": {"restaurant": 2, "product": 5, "availability": true}}, {"model": "foodcartapp.restaurantmenuitem", "pk": 12, "fields": {"restaurant": 2, "product": 6, "availability": true}}, {"model": "foodcartapp.restaurantmenuitem", "pk": 13, "fields": {"restaurant": 1, "product": 1, "availability": true}}, {"model": "foodcartapp.restaurantmenuitem", "pk": 14, "fields": {"restaurant": 1, "product": 2, "availability": true}}, {"model": "foodcartapp.restaurantmenuitem", "pk": 15, "fields": {"restaurant": 1, "product": 3, "availability": true}}, {"model": "foodcartapp.restaurantmenuitem", "pk": 16, "fields": {"restaurant": 1, "product": 4, "availability": true}}, {"model": "foodcartapp.restaurantmenuitem", "pk": 17, "fields": {"restaurant": 1, "product": 5, "availability": true}}, {"model": "foodcartapp.restaurantmenuitem", "pk": 18, "fields": {"restaurant": 1, "product": 6, "availability": true}}, {"model": "foodcartapp.order", "pk": 39, "fields": {"firstname": "Александр", "lastname": "Зильберштрудель", "address": "Москва, ул. Новый Арбат, 15", "phonenumber": "+79250532187", "status": "Доставлен", "comment": "", "created_at": "2024-01-26T11:43:58.356Z", "called_at": null, "delivered_at": null, "payment": "", "restaurant": null}}, {"model": "foodcartapp.order", "pk": 40, "fields": {"firstname": "Александр", "lastname": "Зильберштрудель", "address": "Москва, ул. Новый Арбат, 15", "phonenumber": "+79250532187", "status": "Принят", "comment": "без помидоров", "created_at": "2024-01-26T11:43:58Z", "called_at": null, "delivered_at": null, "payment": "Электронно", "restaurant": 1}}, {"model": "foodcartapp.order", "pk": 41, "fields": {"firstname": "Александр", "lastname": "Зильберштрудель", "address": "Москва, ул. Новый Арбат, 15", "phonenumber": "+79250532187", "status": "Собирается", "comment": "", "created_at": "2024-01-26T11:44:25Z", "called_at": "2024-01-26T11:50:11Z", "delivered_at": "2024-01-26T11:50:19Z", "payment": "Электронно", "restaurant": 3}}, {"model": "foodcartapp.order", "pk": 42, "fields": {"firstname": "Александр", "lastname": "Зильберштрудель", "address": "Москва, пл. Киевского Вокзала, 2", "phonenumber": "+79250532187", "status": "Принят", "comment": "", "created_at": "2024-01-26T13:31:59.077Z", "called_at": null, "delivered_at": null, "payment": "Не указано", "restaurant": null}}, {"model": "foodcartapp.order", "pk": 43, "fields": {"firstname": "Александр", "lastname": "Зильберштрудель", "address": "Москва, Академика Волгина 4", "phonenumber": "+79250532187", "status": "Принят", "comment": "", "created_at": "2024-01-26T15:24:28.559Z", "called_at": null, "delivered_at": null, "payment": "Не указано", "restaurant": null}}, {"model": "foodcartapp.order", "pk": 44, "fields": {"firstname": "Александр", "lastname": "Зильберштрудель", "address": "Москва, Академика Волгина 5", "phonenumber": "+79250532187", "status": "Принят", "comment": "", "created_at": "2024-01-26T15:26:33.410Z", "called_at": null, "delivered_at": null, "payment": "Не указано", "restaurant": null}}, {"model": "foodcartapp.order", "pk": 45, "fields": {"firstname": "Александр", "lastname": "Зильберштрудель", "address": "Москва, Академика Волгина 7", "phonenumber": "+79250532187", "status": "Принят", "comment": "", "created_at": "2024-01-26T15:32:31.030Z", "called_at": null, "delivered_at": null, "payment": "Не указано", "restaurant": null}}, {"model": "foodcartapp.order", "pk": 46, "fields": {"firstname": "Александр", "lastname": "Зильберштрудель", "address": "Москва, пл. Киевского Вокзала, 228", "phonenumber": "+79250532187", "status": "Принят", "comment": "", "created_at": "2024-02-04T15:02:01.587Z", "called_at": null, "delivered_at": null, "payment": "Не указано", "restaurant": null}}, {"model": "foodcartapp.order", "pk": 47, "fields": {"firstname": "Василий", "lastname": "Васильевич", "address": "Лондон", "phonenumber": "+79123456789", "status": "Принят", "comment": "", "created_at": "2024-02-04T15:09:45.568Z", "called_at": null, "delivered_at": null, "payment": "Не указано", "restaurant": null}}, {"model": "foodcartapp.order", "pk": 48, "fields": {"firstname": "123", "lastname": "Васильевич", "address": "Лондон", "phonenumber": "+79123456789", "status": "Принят", "comment": "", "created_at": "2024-02-04T15:09:59.504Z", "called_at": null, "delivered_at": null, "payment": "Не указано", "restaurant": null}}, {"model": "foodcartapp.order", "pk": 49, "fields": {"firstname": "Александр", "lastname": "Зильберштрудель", "address": "Москва, пл. Киевского Вокзала, 228", "phonenumber": "+79250532187", "status": "Принят", "comment": "", "created_at": "2024-02-18T13:53:07.277Z", "called_at": null, "delivered_at": null, "payment": "Не указано", "restaurant": null}}, {"model": "foodcartapp.order", "pk": 50, "fields": {"firstname": "fa", "lastname": "afs", "address": "Москва, пл. Киевского Вокзала, 228", "phonenumber": "+79250532187", "status": "Принят", "comment": "", "created_at": "2024-02-19T10:18:34.786Z", "called_at": null, "delivered_at": null, "payment": "Не указано", "restaurant": null}}, {"model": "foodcartapp.order", "pk": 51, "fields": {"firstname": "Александр", "lastname": "Зильберштрудель", "address": "Москва, пл. Киевского Вокзала, 228", "phonenumber": "+79250532188", "status": "Принят", "comment": "", "created_at": "2024-02-21T11:41:33.447Z", "called_at": null, "delivered_at": null, "payment": "Не указано", "restaurant": null}}, {"model": "foodcartapp.order", "pk": 52, "fields": {"firstname": "Александр", "lastname": "Зильберштрудельман", "address": "Москва, пл. Киевского Вокзала, 228", "phonenumber": "+79250532187", "status": "Принят", "comment": "", "created_at": "2024-02-21T11:50:43.519Z", "called_at": null, "delivered_at": null, "payment": "Не указано", "restaurant": null}}, {"model": "foodcartapp.order", "pk": 53, "fields": {"firstname": "F", "lastname": "Зильберштрудельман", "address": "Москва, пл. Киевского Вокзала, 228", "phonenumber": "+79250532187", "status": "Принят", "comment": "", "created_at": "2024-02-21T11:51:15.155Z", "called_at": null, "delivered_at": null, "payment": "Не указано", "restaurant": null}}, {"model": "foodcartapp.order", "pk": 54, "fields": {"firstname": "Александр", "lastname": "Зильберштрудельман", "address": "Москва, пл. Киевского Вокзала, 228", "phonenumber": "+79250532188", "status": "Принят", "comment": "", "created_at": "2024-02-21T11:52:08.144Z", "called_at": null, "delivered_at": null, "payment": "Не указано", "restaurant": null}}, {"model": "foodcartapp.order", "pk": 55, "fields": {"firstname": "Александр", "lastname": "Зильберштрудельман", "address": "Москва, пл. Киевского Вокзала, 228", "phonenumber": "+79250532187", "status": "Принят", "comment": "", "created_at": "2024-02-21T11:56:42.802Z", "called_at": null, "delivered_at": null, "payment": "Не указано", "restaurant": null}}, {"model": "foodcartapp.productorder", "pk": 1, "fields": {"product": 3, "quantity": 2, "price": "369.00", "order": 39}}, {"model": "foodcartapp.productorder", "pk": 2, "fields": {"product": 3, "quantity": 2, "price": "500.00", "order": 40}}, {"model": "foodcartapp.productorder", "pk": 3, "fields": {"product": 2, "quantity": 2, "price": "219.00", "order": 41}}, {"model": "foodcartapp.productorder", "pk": 4, "fields": {"product": 3, "quantity": 1, "price": "500.00", "order": 41}}, {"model": "foodcartapp.productorder", "pk": 5, "fields": {"product": 3, "quantity": 1, "price": "500.00", "order": 42}}, {"model": "foodcartapp.productorder", "pk": 6, "fields": {"product": 2, "quantity": 1, "price": "219.00", "order": 42}}, {"model": "foodcartapp.productorder", "pk": 7, "fields": {"product": 1, "quantity": 1, "price": "269.00", "order": 42}}, {"model": "foodcartapp.productorder", "pk": 8, "fields": {"product": 4, "quantity": 1, "price": "319.00", "order": 42}}, {"model": "foodcartapp.productorder", "pk": 9, "fields": {"product": 3, "quantity": 5, "price": "500.00", "order": 43}}, {"model": "foodcartapp.productorder", "pk": 10, "fields": {"product": 1, "quantity": 6, "price": "269.00", "order": 44}}, {"model": "foodcartapp.productorder", "pk": 11, "fields": {"product": 2, "quantity": 6, "price": "219.00", "order": 45}}, {"model": "foodcartapp.productorder", "pk": 12, "fields": {"product": 2, "quantity": 1, "price": "0.00", "order": 46}}, {"model": "foodcartapp.productorder", "pk": 13, "fields": {"product": 3, "quantity": 2, "price": "0.00", "order": 46}}, {"model": "foodcartapp.productorder", "pk": 14, "fields": {"product": 1, "quantity": 1, "price": "0.00", "order": 47}}, {"model": "foodcartapp.productorder", "pk": 15, "fields": {"product": 1, "quantity": 1, "price": "0.00", "order": 48}}, {"model": "foodcartapp.productorder", "pk": 16, "fields": {"product": 2, "quantity": 1, "price": "219.00", "order": 49}}, {"model": "foodcartapp.productorder", "pk": 17, "fields": {"product": 2, "quantity": 1, "price": "219.00", "order": 50}}, {"model": "foodcartapp.productorder", "pk": 18, "fields": {"product": 2, "quantity": 1, "price": "219.00", "order": 51}}, {"model": "foodcartapp.productorder", "pk": 19, "fields": {"product": 2, "quantity": 1, "price": "219.00", "order": 52}}, {"model": "foodcartapp.productorder", "pk": 20, "fields": {"product": 3, "quantity": 2, "price": "500.00", "order": 52}}, {"model": "foodcartapp.productorder", "pk": 21, "fields": {"product": 1, "quantity": 1, "price": "269.00", "order": 53}}, {"model": "foodcartapp.productorder", "pk": 22, "fields": {"product": 2, "quantity": 3, "price": "219.00", "order": 53}}, {"model": "foodcartapp.productorder", "pk": 23, "fields": {"product": 1, "quantity": 1, "price": "269.00", "order": 54}}, {"model": "foodcartapp.productorder", "pk": 24, "fields": {"product": 2, "quantity": 1, "price": "219.00", "order": 54}}, {"model": "foodcartapp.productorder", "pk": 25, "fields": {"product": 3, "quantity": 1, "price": "500.00", "order": 54}}, {"model": "foodcartapp.productorder", "pk": 26, "fields": {"product": 4, "quantity": 1, "price": "319.00", "order": 54}}, {"model": "foodcartapp.productorder", "pk": 27, "fields": {"product": 6, "quantity": 1, "price": "209.00", "order": 54}}, {"model": "foodcartapp.productorder", "pk": 28, "fields": {"product": 5, "quantity": 1, "price": "199.00", "order": 54}}, {"model": "foodcartapp.productorder", "pk": 29, "fields": {"product": 1, "quantity": 1, "price": "269.00", "order": 55}}, {"model": "foodcartapp.productorder", "pk": 30, "fields": {"product": 2, "quantity": 1, "price": "219.00", "order": 55}}, {"model": "foodcartapp.productorder", "pk": 31, "fields": {"product": 6, "quantity": 1, "price": "209.00", "order": 55}}, {"model": "admin.logentry", "pk": 1, "fields": {"action_time": "2024-01-17T10:31:08.386Z", "user": 1, "content_type": 2, "object_id": "1", "object_repr": "Star Burger Арбат", "action_flag": 1, "change_message": "[{\"added\": {}}]"}}, {"model": "admin.logentry", "pk": 2, "fields": {"action_time": "2024-01-17T10:31:26.758Z", "user": 1, "content_type": 2, "object_id": "2", "object_repr": "Star Burger Цветной", "action_flag": 1, "change_message": "[{\"added\": {}}]"}}, {"model": "admin.logentry", "pk": 3, "fields": {"action_time": "2024-01-17T10:31:44.134Z", "user": 1, "content_type": 2, "object_id": "3", "object_repr": "Star Burger Европейский", "action_flag": 1, "change_message": "[{\"added\": {}}]"}}, {"model": "admin.logentry", "pk": 4, "fields": {"action_time": "2024-01-17T10:32:45.805Z", "user": 1, "content_type": 4, "object_id": "1", "object_repr": "Бургер", "action_flag": 1, "change_message": "[{\"added\": {}}]"}}, {"model": "admin.logentry", "pk": 5, "fields": {"action_time": "2024-01-17T10:34:51.159Z", "user": 1, "content_type": 1, "object_id": "1", "object_repr": "Стейкхаус", "action_flag": 1, "change_message": "[{\"added\": {}}]"}}, {"model": "admin.logentry", "pk": 6, "fields": {"action_time": "2024-01-17T10:35:35.661Z", "user": 1, "content_type": 1, "object_id": "2", "object_repr": "Лонг Чизбургер", "action_flag": 1, "change_message": "[{\"added\": {}}]"}}, {"model": "admin.logentry", "pk": 7, "fields": {"action_time": "2024-01-17T10:36:17.800Z", "user": 1, "content_type": 1, "object_id": "3", "object_repr": "Тройной Воппер", "action_flag": 1, "change_message": "[{\"added\": {}}]"}}, {"model": "admin.logentry", "pk": 8, "fields": {"action_time": "2024-01-17T10:36:59.668Z", "user": 1, "content_type": 1, "object_id": "4", "object_repr": "Беконайзер", "action_flag": 1, "change_message": "[{\"added\": {}}]"}}, {"model": "admin.logentry", "pk": 9, "fields": {"action_time": "2024-01-17T10:37:25.358Z", "user": 1, "content_type": 4, "object_id": "2", "object_repr": "Ролл", "action_flag": 1, "change_message": "[{\"added\": {}}]"}}, {"model": "admin.logentry", "pk": 10, "fields": {"action_time": "2024-01-17T10:37:47.764Z", "user": 1, "content_type": 1, "object_id": "5", "object_repr": "Фиш Ролл", "action_flag": 1, "change_message": "[{\"added\": {}}]"}}, {"model": "admin.logentry", "pk": 11, "fields": {"action_time": "2024-01-17T10:38:19.961Z", "user": 1, "content_type": 1, "object_id": "6", "object_repr": "Шримп Ролл", "action_flag": 1, "change_message": "[{\"added\": {}}]"}}, {"model": "admin.logentry", "pk": 12, "fields": {"action_time": "2024-01-17T10:39:13.705Z", "user": 1, "content_type": 2, "object_id": "3", "object_repr": "Star Burger Европейский", "action_flag": 2, "change_message": "[{\"added\": {\"name\": \"\\u043f\\u0443\\u043d\\u043a\\u0442 \\u043c\\u0435\\u043d\\u044e \\u0440\\u0435\\u0441\\u0442\\u043e\\u0440\\u0430\\u043d\\u0430\", \"object\": \"Star Burger \\u0415\\u0432\\u0440\\u043e\\u043f\\u0435\\u0439\\u0441\\u043a\\u0438\\u0439 - \\u0421\\u0442\\u0435\\u0439\\u043a\\u0445\\u0430\\u0443\\u0441\"}}, {\"added\": {\"name\": \"\\u043f\\u0443\\u043d\\u043a\\u0442 \\u043c\\u0435\\u043d\\u044e \\u0440\\u0435\\u0441\\u0442\\u043e\\u0440\\u0430\\u043d\\u0430\", \"object\": \"Star Burger \\u0415\\u0432\\u0440\\u043e\\u043f\\u0435\\u0439\\u0441\\u043a\\u0438\\u0439 - \\u041b\\u043e\\u043d\\u0433 \\u0427\\u0438\\u0437\\u0431\\u0443\\u0440\\u0433\\u0435\\u0440\"}}, {\"added\": {\"name\": \"\\u043f\\u0443\\u043d\\u043a\\u0442 \\u043c\\u0435\\u043d\\u044e \\u0440\\u0435\\u0441\\u0442\\u043e\\u0440\\u0430\\u043d\\u0430\", \"object\": \"Star Burger \\u0415\\u0432\\u0440\\u043e\\u043f\\u0435\\u0439\\u0441\\u043a\\u0438\\u0439 - \\u0422\\u0440\\u043e\\u0439\\u043d\\u043e\\u0439 \\u0412\\u043e\\u043f\\u043f\\u0435\\u0440\"}}, {\"added\": {\"name\": \"\\u043f\\u0443\\u043d\\u043a\\u0442 \\u043c\\u0435\\u043d\\u044e \\u0440\\u0435\\u0441\\u0442\\u043e\\u0440\\u0430\\u043d\\u0430\", \"object\": \"Star Burger \\u0415\\u0432\\u0440\\u043e\\u043f\\u0435\\u0439\\u0441\\u043a\\u0438\\u0439 - \\u0411\\u0435\\u043a\\u043e\\u043d\\u0430\\u0439\\u0437\\u0435\\u0440\"}}, {\"added\": {\"name\": \"\\u043f\\u0443\\u043d\\u043a\\u0442 \\u043c\\u0435\\u043d\\u044e \\u0440\\u0435\\u0441\\u0442\\u043e\\u0440\\u0430\\u043d\\u0430\", \"object\": \"Star Burger \\u0415\\u0432\\u0440\\u043e\\u043f\\u0435\\u0439\\u0441\\u043a\\u0438\\u0439 - \\u0424\\u0438\\u0448 \\u0420\\u043e\\u043b\\u043b\"}}, {\"added\": {\"name\": \"\\u043f\\u0443\\u043d\\u043a\\u0442 \\u043c\\u0435\\u043d\\u044e \\u0440\\u0435\\u0441\\u0442\\u043e\\u0440\\u0430\\u043d\\u0430\", \"object\": \"Star Burger \\u0415\\u0432\\u0440\\u043e\\u043f\\u0435\\u0439\\u0441\\u043a\\u0438\\u0439 - \\u0428\\u0440\\u0438\\u043c\\u043f \\u0420\\u043e\\u043b\\u043b\"}}]"}}, {"model": "admin.logentry", "pk": 13, "fields": {"action_time": "2024-01-17T10:39:29.920Z", "user": 1, "content_type": 2, "object_id": "2", "object_repr": "Star Burger Цветной", "action_flag": 2, "change_message": "[{\"added\": {\"name\": \"\\u043f\\u0443\\u043d\\u043a\\u0442 \\u043c\\u0435\\u043d\\u044e \\u0440\\u0435\\u0441\\u0442\\u043e\\u0440\\u0430\\u043d\\u0430\", \"object\": \"Star Burger \\u0426\\u0432\\u0435\\u0442\\u043d\\u043e\\u0439 - \\u0421\\u0442\\u0435\\u0439\\u043a\\u0445\\u0430\\u0443\\u0441\"}}, {\"added\": {\"name\": \"\\u043f\\u0443\\u043d\\u043a\\u0442 \\u043c\\u0435\\u043d\\u044e \\u0440\\u0435\\u0441\\u0442\\u043e\\u0440\\u0430\\u043d\\u0430\", \"object\": \"Star Burger \\u0426\\u0432\\u0435\\u0442\\u043d\\u043e\\u0439 - \\u041b\\u043e\\u043d\\u0433 \\u0427\\u0438\\u0437\\u0431\\u0443\\u0440\\u0433\\u0435\\u0440\"}}, {\"added\": {\"name\": \"\\u043f\\u0443\\u043d\\u043a\\u0442 \\u043c\\u0435\\u043d\\u044e \\u0440\\u0435\\u0441\\u0442\\u043e\\u0440\\u0430\\u043d\\u0430\", \"object\": \"Star Burger \\u0426\\u0432\\u0435\\u0442\\u043d\\u043e\\u0439 - \\u0422\\u0440\\u043e\\u0439\\u043d\\u043e\\u0439 \\u0412\\u043e\\u043f\\u043f\\u0435\\u0440\"}}, {\"added\": {\"name\": \"\\u043f\\u0443\\u043d\\u043a\\u0442 \\u043c\\u0435\\u043d\\u044e \\u0440\\u0435\\u0441\\u0442\\u043e\\u0440\\u0430\\u043d\\u0430\", \"object\": \"Star Burger \\u0426\\u0432\\u0435\\u0442\\u043d\\u043e\\u0439 - \\u0411\\u0435\\u043a\\u043e\\u043d\\u0430\\u0439\\u0437\\u0435\\u0440\"}}, {\"added\": {\"name\": \"\\u043f\\u0443\\u043d\\u043a\\u0442 \\u043c\\u0435\\u043d\\u044e \\u0440\\u0435\\u0441\\u0442\\u043e\\u0440\\u0430\\u043d\\u0430\", \"object\": \"Star Burger \\u0426\\u0432\\u0435\\u0442\\u043d\\u043e\\u0439 - \\u0424\\u0438\\u0448 \\u0420\\u043e\\u043b\\u043b\"}}, {\"added\": {\"name\": \"\\u043f\\u0443\\u043d\\u043a\\u0442 \\u043c\\u0435\\u043d\\u044e \\u0440\\u0435\\u0441\\u0442\\u043e\\u0440\\u0430\\u043d\\u0430\", \"object\": \"Star Burger \\u0426\\u0432\\u0435\\u0442\\u043d\\u043e\\u0439 - \\u0428\\u0440\\u0438\\u043c\\u043f \\u0420\\u043e\\u043b\\u043b\"}}]"}}, {"model": "admin.logentry", "pk": 14, "fields": {"action_time": "2024-01-17T10:39:47.636Z", "user": 1, "content_type": 2, "object_id": "1", "object_repr": "Star Burger Арбат", "action_flag": 2, "change_message": "[{\"added\": {\"name\": \"\\u043f\\u0443\\u043d\\u043a\\u0442 \\u043c\\u0435\\u043d\\u044e \\u0440\\u0435\\u0441\\u0442\\u043e\\u0440\\u0430\\u043d\\u0430\", \"object\": \"Star Burger \\u0410\\u0440\\u0431\\u0430\\u0442 - \\u0421\\u0442\\u0435\\u0439\\u043a\\u0445\\u0430\\u0443\\u0441\"}}, {\"added\": {\"name\": \"\\u043f\\u0443\\u043d\\u043a\\u0442 \\u043c\\u0435\\u043d\\u044e \\u0440\\u0435\\u0441\\u0442\\u043e\\u0440\\u0430\\u043d\\u0430\", \"object\": \"Star Burger \\u0410\\u0440\\u0431\\u0430\\u0442 - \\u041b\\u043e\\u043d\\u0433 \\u0427\\u0438\\u0437\\u0431\\u0443\\u0440\\u0433\\u0435\\u0440\"}}, {\"added\": {\"name\": \"\\u043f\\u0443\\u043d\\u043a\\u0442 \\u043c\\u0435\\u043d\\u044e \\u0440\\u0435\\u0441\\u0442\\u043e\\u0440\\u0430\\u043d\\u0430\", \"object\": \"Star Burger \\u0410\\u0440\\u0431\\u0430\\u0442 - \\u0422\\u0440\\u043e\\u0439\\u043d\\u043e\\u0439 \\u0412\\u043e\\u043f\\u043f\\u0435\\u0440\"}}, {\"added\": {\"name\": \"\\u043f\\u0443\\u043d\\u043a\\u0442 \\u043c\\u0435\\u043d\\u044e \\u0440\\u0435\\u0441\\u0442\\u043e\\u0440\\u0430\\u043d\\u0430\", \"object\": \"Star Burger \\u0410\\u0440\\u0431\\u0430\\u0442 - \\u0411\\u0435\\u043a\\u043e\\u043d\\u0430\\u0439\\u0437\\u0435\\u0440\"}}, {\"added\": {\"name\": \"\\u043f\\u0443\\u043d\\u043a\\u0442 \\u043c\\u0435\\u043d\\u044e \\u0440\\u0435\\u0441\\u0442\\u043e\\u0440\\u0430\\u043d\\u0430\", \"object\": \"Star Burger \\u0410\\u0440\\u0431\\u0430\\u0442 - \\u0424\\u0438\\u0448 \\u0420\\u043e\\u043b\\u043b\"}}, {\"added\": {\"name\": \"\\u043f\\u0443\\u043d\\u043a\\u0442 \\u043c\\u0435\\u043d\\u044e \\u0440\\u0435\\u0441\\u0442\\u043e\\u0440\\u0430\\u043d\\u0430\", \"object\": \"Star Burger \\u0410\\u0440\\u0431\\u0430\\u0442 - \\u0428\\u0440\\u0438\\u043c\\u043f \\u0420\\u043e\\u043b\\u043b\"}}]"}}, {"model": "admin.logentry", "pk": 15, "fields": {"action_time": "2024-01-17T12:39:17.370Z", "user": 1, "content_type": 11, "object_id": "1", "object_repr": "FG F - Заказ 1", "action_flag": 1, "change_message": "[{\"added\": {}}]"}}, {"model": "admin.logentry", "pk": 16, "fields": {"action_time": "2024-01-17T12:40:29.089Z", "user": 1, "content_type": 11, "object_id": "1", "object_repr": "FG F - Заказ 1", "action_flag": 3, "change_message": ""}}, {"model": "admin.logentry", "pk": 17, "fields": {"action_time": "2024-01-19T09:45:55.448Z", "user": 1, "content_type": 11, "object_id": "18", "object_repr": "Александр Зильберштрудель - Заказ 18", "action_flag": 3, "change_message": ""}}, {"model": "admin.logentry", "pk": 18, "fields": {"action_time": "2024-01-19T09:45:55.458Z", "user": 1, "content_type": 11, "object_id": "17", "object_repr": "Иван Петров - Заказ 17", "action_flag": 3, "change_message": ""}}, {"model": "admin.logentry", "pk": 19, "fields": {"action_time": "2024-01-19T09:45:55.467Z", "user": 1, "content_type": 11, "object_id": "16", "object_repr": "Иван Петров - Заказ 16", "action_flag": 3, "change_message": ""}}, {"model": "admin.logentry", "pk": 20, "fields": {"action_time": "2024-01-19T09:45:55.475Z", "user": 1, "content_type": 11, "object_id": "15", "object_repr": "Иван Петров - Заказ 15", "action_flag": 3, "change_message": ""}}, {"model": "admin.logentry", "pk": 21, "fields": {"action_time": "2024-01-19T09:45:55.484Z", "user": 1, "content_type": 11, "object_id": "14", "object_repr": "Иван Петров - Заказ 14", "action_flag": 3, "change_message": ""}}, {"model": "admin.logentry", "pk": 22, "fields": {"action_time": "2024-01-19T09:45:55.492Z", "user": 1, "content_type": 11, "object_id": "13", "object_repr": "Иван Петров - Заказ 13", "action_flag": 3, "change_message": ""}}, {"model": "admin.logentry", "pk": 23, "fields": {"action_time": "2024-01-19T09:45:55.501Z", "user": 1, "content_type": 11, "object_id": "12", "object_repr": "Иван Петров - Заказ 12", "action_flag": 3, "change_message": ""}}, {"model": "admin.logentry", "pk": 24, "fields": {"action_time": "2024-01-19T09:45:55.509Z", "user": 1, "content_type": 11, "object_id": "11", "object_repr": "Иван Петров - Заказ 11", "action_flag": 3, "change_message": ""}}, {"model": "admin.logentry", "pk": 25, "fields": {"action_time": "2024-01-19T09:45:55.517Z", "user": 1, "content_type": 11, "object_id": "10", "object_repr": "Иван Петров - Заказ 10", "action_flag": 3, "change_message": ""}}, {"model": "admin.logentry", "pk": 26, "fields": {"action_time": "2024-01-19T09:45:55.526Z", "user": 1, "content_type": 11, "object_id": "9", "object_repr": "Иван Петров - Заказ 9", "action_flag": 3, "change_message": ""}}, {"model": "admin.logentry", "pk": 27, "fields": {"action_time": "2024-01-19T09:45:55.534Z", "user": 1, "content_type": 11, "object_id": "8", "object_repr": "Иван Петров - Заказ 8", "action_flag": 3, "change_message": ""}}, {"model": "admin.logentry", "pk": 28, "fields": {"action_time": "2024-01-19T09:45:55.542Z", "user": 1, "content_type": 11, "object_id": "7", "object_repr": "Иван Петров - Заказ 7", "action_flag": 3, "change_message": ""}}, {"model": "admin.logentry", "pk": 29, "fields": {"action_time": "2024-01-19T09:45:55.550Z", "user": 1, "content_type": 11, "object_id": "6", "object_repr": "Иван Петров - Заказ 6", "action_flag": 3, "change_message": ""}}, {"model": "admin.logentry", "pk": 30, "fields": {"action_time": "2024-01-19T09:45:55.559Z", "user": 1, "content_type": 11, "object_id": "5", "object_repr": "Александр Зильберштрудель - Заказ 5", "action_flag": 3, "change_message": ""}}, {"model": "admin.logentry", "pk": 31, "fields": {"action_time": "2024-01-19T09:45:55.567Z", "user": 1, "content_type": 11, "object_id": "4", "object_repr": "Александр Зильберштрудель - Заказ 4", "action_flag": 3, "change_message": ""}}, {"model": "admin.logentry", "pk": 32, "fields": {"action_time": "2024-01-19T09:45:55.575Z", "user": 1, "content_type": 11, "object_id": "3", "object_repr": "Александр Зильберштрудель - Заказ 3", "action_flag": 3, "change_message": ""}}, {"model": "admin.logentry", "pk": 33, "fields": {"action_time": "2024-01-19T09:45:55.584Z", "user": 1, "content_type": 11, "object_id": "2", "object_repr": "Александр Зильберштрудель - Заказ 2", "action_flag": 3, "change_message": ""}}, {"model": "admin.logentry", "pk": 34, "fields": {"action_time": "2024-01-20T15:30:15.458Z", "user": 1, "content_type": 11, "object_id": "34", "object_repr": "Александр Зильберштрудель - Заказ 34", "action_flag": 3, "change_message": ""}}, {"model": "admin.logentry", "pk": 35, "fields": {"action_time": "2024-01-20T15:30:15.466Z", "user": 1, "content_type": 11, "object_id": "33", "object_repr": "Василий Васильевич - Заказ 33", "action_flag": 3, "change_message": ""}}, {"model": "admin.logentry", "pk": 36, "fields": {"action_time": "2024-01-20T15:30:15.474Z", "user": 1, "content_type": 11, "object_id": "32", "object_repr": "Василий Васильевич - Заказ 32", "action_flag": 3, "change_message": ""}}, {"model": "admin.logentry", "pk": 37, "fields": {"action_time": "2024-01-20T15:30:15.482Z", "user": 1, "content_type": 11, "object_id": "31", "object_repr": "Василий Васильевич - Заказ 31", "action_flag": 3, "change_message": ""}}, {"model": "admin.logentry", "pk": 38, "fields": {"action_time": "2024-01-20T15:30:15.490Z", "user": 1, "content_type": 11, "object_id": "30", "object_repr": "Василий Васильевич - Заказ 30", "action_flag": 3, "change_message": ""}}, {"model": "admin.logentry", "pk": 39, "fields": {"action_time": "2024-01-20T15:30:15.509Z", "user": 1, "content_type": 11, "object_id": "29", "object_repr": "Василий Васильевич - Заказ 29", "action_flag": 3, "change_message": ""}}, {"model": "admin.logentry", "pk": 40, "fields": {"action_time": "2024-01-20T15:30:15.523Z", "user": 1, "content_type": 11, "object_id": "28", "object_repr": "Василий Васильевич - Заказ 28", "action_flag": 3, "change_message": ""}}, {"model": "admin.logentry", "pk": 41, "fields": {"action_time": "2024-01-20T15:30:15.531Z", "user": 1, "content_type": 11, "object_id": "27", "object_repr": "Василий Васильевич - Заказ 27", "action_flag": 3, "change_message": ""}}, {"model": "admin.logentry", "pk": 42, "fields": {"action_time": "2024-01-20T15:30:15.540Z", "user": 1, "content_type": 11, "object_id": "26", "object_repr": "Василий Васильевич - Заказ 26", "action_flag": 3, "change_message": ""}}, {"model": "admin.logentry", "pk": 43, "fields": {"action_time": "2024-01-20T15:30:15.547Z", "user": 1, "content_type": 11, "object_id": "25", "object_repr": "Василий Васильевич - Заказ 25", "action_flag": 3, "change_message": ""}}, {"model": "admin.logentry", "pk": 44, "fields": {"action_time": "2024-01-20T15:30:15.555Z", "user": 1, "content_type": 11, "object_id": "24", "object_repr": "Александр Зильберштрудель - Заказ 24", "action_flag": 3, "change_message": ""}}, {"model": "admin.logentry", "pk": 45, "fields": {"action_time": "2024-01-20T15:30:15.563Z", "user": 1, "content_type": 11, "object_id": "23", "object_repr": "Александр Зильберштрудель - Заказ 23", "action_flag": 3, "change_message": ""}}, {"model": "admin.logentry", "pk": 46, "fields": {"action_time": "2024-01-20T15:30:15.572Z", "user": 1, "content_type": 11, "object_id": "22", "object_repr": "Александр Зильберштрудель - Заказ 22", "action_flag": 3, "change_message": ""}}, {"model": "admin.logentry", "pk": 47, "fields": {"action_time": "2024-01-20T15:30:15.580Z", "user": 1, "content_type": 11, "object_id": "21", "object_repr": "Александр Зильберштрудель - Заказ 21", "action_flag": 3, "change_message": ""}}, {"model": "admin.logentry", "pk": 48, "fields": {"action_time": "2024-01-20T15:30:15.588Z", "user": 1, "content_type": 11, "object_id": "20", "object_repr": "Александр Зильберштрудель - Заказ 20", "action_flag": 3, "change_message": ""}}, {"model": "admin.logentry", "pk": 49, "fields": {"action_time": "2024-01-20T15:30:15.596Z", "user": 1, "content_type": 11, "object_id": "19", "object_repr": "Александр Зильберштрудель - Заказ 19", "action_flag": 3, "change_message": ""}}, {"model": "admin.logentry", "pk": 50, "fields": {"action_time": "2024-01-20T18:00:46.051Z", "user": 1, "content_type": 1, "object_id": "6", "object_repr": "Шримп Ролл", "action_flag": 2, "change_message": "[{\"changed\": {\"fields\": [\"\\u0426\\u0435\\u043d\\u0430\"]}}]"}}, {"model": "admin.logentry", "pk": 51, "fields": {"action_time": "2024-01-20T18:01:08.976Z", "user": 1, "content_type": 1, "object_id": "6", "object_repr": "Шримп Ролл", "action_flag": 2, "change_message": "[{\"changed\": {\"fields\": [\"\\u0426\\u0435\\u043d\\u0430\"]}}]"}}, {"model": "admin.logentry", "pk": 52, "fields": {"action_time": "2024-01-20T18:15:01.651Z", "user": 1, "content_type": 11, "object_id": "38", "object_repr": "Александр Зильберштрудель - Заказ 38", "action_flag": 3, "change_message": ""}}, {"model": "admin.logentry", "pk": 53, "fields": {"action_time": "2024-01-20T18:15:01.660Z", "user": 1, "content_type": 11, "object_id": "37", "object_repr": "Александр Зильберштрудель - Заказ 37", "action_flag": 3, "change_message": ""}}, {"model": "admin.logentry", "pk": 54, "fields": {"action_time": "2024-01-20T18:15:01.669Z", "user": 1, "content_type": 11, "object_id": "36", "object_repr": "Александр F - Заказ 36", "action_flag": 3, "change_message": ""}}, {"model": "admin.logentry", "pk": 55, "fields": {"action_time": "2024-01-20T18:15:01.677Z", "user": 1, "content_type": 11, "object_id": "35", "object_repr": "Александр Зильберштрудель - Заказ 35", "action_flag": 3, "change_message": ""}}, {"model": "admin.logentry", "pk": 56, "fields": {"action_time": "2024-01-20T18:32:09.825Z", "user": 1, "content_type": 1, "object_id": "3", "object_repr": "Тройной Воппер", "action_flag": 2, "change_message": "[{\"changed\": {\"fields\": [\"\\u0426\\u0435\\u043d\\u0430\"]}}]"}}, {"model": "admin.logentry", "pk": 57, "fields": {"action_time": "2024-01-25T12:00:58.126Z", "user": 1, "content_type": 11, "object_id": "39", "object_repr": "Александр Зильберштрудель - Заказ 39", "action_flag": 2, "change_message": "[]"}}, {"model": "admin.logentry", "pk": 58, "fields": {"action_time": "2024-01-25T12:02:00.198Z", "user": 1, "content_type": 11, "object_id": "40", "object_repr": "Александр Зильберштрудель - Заказ 40", "action_flag": 2, "change_message": "[]"}}, {"model": "admin.logentry", "pk": 59, "fields": {"action_time": "2024-01-25T12:07:00.684Z", "user": 1, "content_type": 11, "object_id": "39", "object_repr": "Александр Зильберштрудель - Заказ 39", "action_flag": 2, "change_message": "[]"}}, {"model": "admin.logentry", "pk": 60, "fields": {"action_time": "2024-01-25T12:07:08.835Z", "user": 1, "content_type": 11, "object_id": "40", "object_repr": "Александр Зильберштрудель - Заказ 40", "action_flag": 2, "change_message": "[]"}}, {"model": "admin.logentry", "pk": 61, "fields": {"action_time": "2024-01-25T12:07:13.549Z", "user": 1, "content_type": 11, "object_id": "40", "object_repr": "Александр Зильберштрудель - Заказ 40", "action_flag": 2, "change_message": "[]"}}, {"model": "admin.logentry", "pk": 62, "fields": {"action_time": "2024-01-25T12:07:16.709Z", "user": 1, "content_type": 11, "object_id": "40", "object_repr": "Александр Зильберштрудель - Заказ 40", "action_flag": 2, "change_message": "[]"}}, {"model": "admin.logentry", "pk": 63, "fields": {"action_time": "2024-01-25T12:09:10.794Z", "user": 1, "content_type": 11, "object_id": "39", "object_repr": "Александр Зильберштрудель - Заказ 39", "action_flag": 2, "change_message": "[]"}}, {"model": "admin.logentry", "pk": 64, "fields": {"action_time": "2024-01-25T12:09:41.259Z", "user": 1, "content_type": 11, "object_id": "39", "object_repr": "Александр Зильберштрудель - Заказ 39", "action_flag": 2, "change_message": "[]"}}, {"model": "admin.logentry", "pk": 65, "fields": {"action_time": "2024-01-25T12:11:58.429Z", "user": 1, "content_type": 11, "object_id": "39", "object_repr": "Александр Зильберштрудель - Заказ 39", "action_flag": 2, "change_message": "[]"}}, {"model": "admin.logentry", "pk": 66, "fields": {"action_time": "2024-01-25T12:12:22.455Z", "user": 1, "content_type": 11, "object_id": "39", "object_repr": "Александр Зильберштрудель - Заказ 39", "action_flag": 2, "change_message": "[]"}}, {"model": "admin.logentry", "pk": 67, "fields": {"action_time": "2024-01-25T12:13:09.497Z", "user": 1, "content_type": 11, "object_id": "39", "object_repr": "Александр Зильберштрудель - Заказ 39", "action_flag": 2, "change_message": "[]"}}, {"model": "admin.logentry", "pk": 68, "fields": {"action_time": "2024-01-25T12:13:41.901Z", "user": 1, "content_type": 11, "object_id": "39", "object_repr": "Александр Зильберштрудель - Заказ 39", "action_flag": 2, "change_message": "[]"}}, {"model": "admin.logentry", "pk": 69, "fields": {"action_time": "2024-01-25T12:16:30.430Z", "user": 1, "content_type": 11, "object_id": "39", "object_repr": "Александр Зильберштрудель - Заказ 39", "action_flag": 2, "change_message": "[]"}}, {"model": "admin.logentry", "pk": 70, "fields": {"action_time": "2024-01-25T12:19:04.229Z", "user": 1, "content_type": 11, "object_id": "39", "object_repr": "Александр Зильберштрудель - Заказ 39", "action_flag": 2, "change_message": "[]"}}, {"model": "admin.logentry", "pk": 71, "fields": {"action_time": "2024-01-25T12:20:29.656Z", "user": 1, "content_type": 11, "object_id": "39", "object_repr": "Александр Зильберштрудель - Заказ 39", "action_flag": 2, "change_message": "[]"}}, {"model": "admin.logentry", "pk": 72, "fields": {"action_time": "2024-01-25T12:21:51.320Z", "user": 1, "content_type": 11, "object_id": "40", "object_repr": "Александр Зильберштрудель - Заказ 40", "action_flag": 2, "change_message": "[]"}}, {"model": "admin.logentry", "pk": 73, "fields": {"action_time": "2024-01-25T12:23:33.771Z", "user": 1, "content_type": 11, "object_id": "39", "object_repr": "Александр Зильберштрудель - Заказ 39", "action_flag": 2, "change_message": "[]"}}, {"model": "admin.logentry", "pk": 74, "fields": {"action_time": "2024-01-25T12:23:36.474Z", "user": 1, "content_type": 11, "object_id": "39", "object_repr": "Александр Зильберштрудель - Заказ 39", "action_flag": 2, "change_message": "[]"}}, {"model": "admin.logentry", "pk": 75, "fields": {"action_time": "2024-01-25T12:23:56.419Z", "user": 1, "content_type": 11, "object_id": "39", "object_repr": "Александр Зильберштрудель - Заказ 39", "action_flag": 2, "change_message": "[]"}}, {"model": "admin.logentry", "pk": 76, "fields": {"action_time": "2024-01-25T12:24:04.303Z", "user": 1, "content_type": 11, "object_id": "39", "object_repr": "Александр Зильберштрудель - Заказ 39", "action_flag": 2, "change_message": "[]"}}, {"model": "admin.logentry", "pk": 77, "fields": {"action_time": "2024-01-25T12:27:59.058Z", "user": 1, "content_type": 11, "object_id": "39", "object_repr": "Александр Зильберштрудель - Заказ 39", "action_flag": 2, "change_message": "[]"}}, {"model": "admin.logentry", "pk": 78, "fields": {"action_time": "2024-01-25T12:28:03.806Z", "user": 1, "content_type": 11, "object_id": "39", "object_repr": "Александр Зильберштрудель - Заказ 39", "action_flag": 2, "change_message": "[]"}}, {"model": "admin.logentry", "pk": 79, "fields": {"action_time": "2024-01-25T12:28:09.450Z", "user": 1, "content_type": 11, "object_id": "39", "object_repr": "Александр Зильберштрудель - Заказ 39", "action_flag": 2, "change_message": "[]"}}, {"model": "admin.logentry", "pk": 80, "fields": {"action_time": "2024-01-25T12:29:38.910Z", "user": 1, "content_type": 11, "object_id": "40", "object_repr": "Александр Зильберштрудель - Заказ 40", "action_flag": 2, "change_message": "[]"}}, {"model": "admin.logentry", "pk": 81, "fields": {"action_time": "2024-01-25T12:32:22.386Z", "user": 1, "content_type": 11, "object_id": "39", "object_repr": "Александр Зильберштрудель - Заказ 39", "action_flag": 2, "change_message": "[]"}}, {"model": "admin.logentry", "pk": 82, "fields": {"action_time": "2024-01-25T12:32:29.218Z", "user": 1, "content_type": 11, "object_id": "40", "object_repr": "Александр Зильберштрудель - Заказ 40", "action_flag": 2, "change_message": "[]"}}, {"model": "admin.logentry", "pk": 83, "fields": {"action_time": "2024-01-25T15:09:14.769Z", "user": 1, "content_type": 11, "object_id": "39", "object_repr": "Александр Зильберштрудель - Заказ 39", "action_flag": 2, "change_message": "[{\"changed\": {\"fields\": [\"\\u0421\\u0442\\u0430\\u0442\\u0443\\u0441\"]}}]"}}, {"model": "admin.logentry", "pk": 84, "fields": {"action_time": "2024-01-25T15:14:10.046Z", "user": 1, "content_type": 11, "object_id": "40", "object_repr": "Александр Зильберштрудель - Заказ 40", "action_flag": 2, "change_message": "[{\"changed\": {\"fields\": [\"\\u041a\\u043e\\u043c\\u043c\\u0435\\u043d\\u0442\\u0430\\u0440\\u0438\\u0439\"]}}]"}}, {"model": "admin.logentry", "pk": 85, "fields": {"action_time": "2024-01-26T11:50:20.782Z", "user": 1, "content_type": 11, "object_id": "41", "object_repr": "Александр Зильберштрудель - Заказ 41", "action_flag": 2, "change_message": "[{\"changed\": {\"fields\": [\"\\u0414\\u0430\\u0442\\u0430 \\u0437\\u0432\\u043e\\u043d\\u043a\\u0430\", \"\\u0414\\u0430\\u0442\\u0430 \\u0434\\u043e\\u0441\\u0442\\u0430\\u0432\\u043a\\u0438\"]}}]"}}, {"model": "admin.logentry", "pk": 86, "fields": {"action_time": "2024-01-26T11:51:03.682Z", "user": 1, "content_type": 11, "object_id": "41", "object_repr": "Александр Зильберштрудель - Заказ 41", "action_flag": 2, "change_message": "[]"}}, {"model": "admin.logentry", "pk": 87, "fields": {"action_time": "2024-01-26T11:51:09.224Z", "user": 1, "content_type": 11, "object_id": "40", "object_repr": "Александр Зильберштрудель - Заказ 40", "action_flag": 2, "change_message": "[]"}}, {"model": "admin.logentry", "pk": 88, "fields": {"action_time": "2024-01-26T11:58:26.393Z", "user": 1, "content_type": 11, "object_id": "40", "object_repr": "Александр Зильберштрудель - Заказ 40", "action_flag": 2, "change_message": "[{\"changed\": {\"fields\": [\"\\u0421\\u043f\\u043e\\u0441\\u043e\\u0431 \\u043e\\u043f\\u043b\\u0430\\u0442\\u044b\"]}}]"}}, {"model": "admin.logentry", "pk": 89, "fields": {"action_time": "2024-01-26T12:59:56.706Z", "user": 1, "content_type": 11, "object_id": "40", "object_repr": "Александр Зильберштрудель - Заказ 40", "action_flag": 2, "change_message": "[{\"changed\": {\"fields\": [\"\\u0420\\u0435\\u0441\\u0442\\u043e\\u0440\\u0430\\u043d\"]}}]"}}, {"model": "admin.logentry", "pk": 90, "fields": {"action_time": "2024-01-26T13:07:11.458Z", "user": 1, "content_type": 11, "object_id": "41", "object_repr": "Александр Зильберштрудель - Заказ 41", "action_flag": 2, "change_message": "[{\"changed\": {\"fields\": [\"\\u0421\\u0442\\u0430\\u0442\\u0443\\u0441\", \"\\u0421\\u043f\\u043e\\u0441\\u043e\\u0431 \\u043e\\u043f\\u043b\\u0430\\u0442\\u044b\", \"\\u0420\\u0435\\u0441\\u0442\\u043e\\u0440\\u0430\\u043d\"]}}]"}}, {"model": "admin.logentry", "pk": 91, "fields": {"action_time": "2024-01-26T15:14:48.237Z", "user": 1, "content_type": 14, "object_id": "3", "object_repr": "Place object (3)", "action_flag": 3, "change_message": ""}}, {"model": "admin.logentry", "pk": 92, "fields": {"action_time": "2024-01-26T15:14:48.246Z", "user": 1, "content_type": 14, "object_id": "2", "object_repr": "Place object (2)", "action_flag": 3, "change_message": ""}}, {"model": "admin.logentry", "pk": 93, "fields": {"action_time": "2024-01-26T15:14:48.254Z", "user": 1, "content_type": 14, "object_id": "1", "object_repr": "Place object (1)", "action_flag": 3, "change_message": ""}}, {"model": "auth.permission", "pk": 1, "fields": {"name": "Can add товар", "content_type": 1, "codename": "add_product"}}, {"model": "auth.permission", "pk": 2, "fields": {"name": "Can change товар", "content_type": 1, "codename": "change_product"}}, {"model": "auth.permission", "pk": 3, "fields": {"name": "Can delete товар", "content_type": 1, "codename": "delete_product"}}, {"model": "auth.permission", "pk": 4, "fields": {"name": "Can view товар", "content_type": 1, "codename": "view_product"}}, {"model": "auth.permission", "pk": 5, "fields": {"name": "Can add ресторан", "content_type": 2, "codename": "add_restaurant"}}, {"model": "auth.permission", "pk": 6, "fields": {"name": "Can change ресторан", "content_type": 2, "codename": "change_restaurant"}}, {"model": "auth.permission", "pk": 7, "fields": {"name": "Can delete ресторан", "content_type": 2, "codename": "delete_restaurant"}}, {"model": "auth.permission", "pk": 8, "fields": {"name": "Can view ресторан", "content_type": 2, "codename": "view_restaurant"}}, {"model": "auth.permission", "pk": 9, "fields": {"name": "Can add пункт меню ресторана", "content_type": 3, "codename": "add_restaurantmenuitem"}}, {"model": "auth.permission", "pk": 10, "fields": {"name": "Can change пункт меню ресторана", "content_type": 3, "codename": "change_restaurantmenuitem"}}, {"model": "auth.permission", "pk": 11, "fields": {"name": "Can delete пункт меню ресторана", "content_type": 3, "codename": "delete_restaurantmenuitem"}}, {"model": "auth.permission", "pk": 12, "fields": {"name": "Can view пункт меню ресторана", "content_type": 3, "codename": "view_restaurantmenuitem"}}, {"model": "auth.permission", "pk": 13, "fields": {"name": "Can add категория", "content_type": 4, "codename": "add_productcategory"}}, {"model": "auth.permission", "pk": 14, "fields": {"name": "Can change категория", "content_type": 4, "codename": "change_productcategory"}}, {"model": "auth.permission", "pk": 15, "fields": {"name": "Can delete категория", "content_type": 4, "codename": "delete_productcategory"}}, {"model": "auth.permission", "pk": 16, "fields": {"name": "Can view категория", "content_type": 4, "codename": "view_productcategory"}}, {"model": "auth.permission", "pk": 17, "fields": {"name": "Can add log entry", "content_type": 5, "codename": "add_logentry"}}, {"model": "auth.permission", "pk": 18, "fields": {"name": "Can change log entry", "content_type": 5, "codename": "change_logentry"}}, {"model": "auth.permission", "pk": 19, "fields": {"name": "Can delete log entry", "content_type": 5, "codename": "delete_logentry"}}, {"model": "auth.permission", "pk": 20, "fields": {"name": "Can view log entry", "content_type": 5, "codename": "view_logentry"}}, {"model": "auth.permission", "pk": 21, "fields": {"name": "Can add permission", "content_type": 6, "codename": "add_permission"}}, {"model": "auth.permission", "pk": 22, "fields": {"name": "Can change permission", "content_type": 6, "codename": "change_permission"}}, {"model": "auth.permission", "pk": 23, "fields": {"name": "Can delete permission", "content_type": 6, "codename": "delete_permission"}}, {"model": "auth.permission", "pk": 24, "fields": {"name": "Can view permission", "content_type": 6, "codename": "view_permission"}}, {"model": "auth.permission", "pk": 25, "fields": {"name": "Can add group", "content_type": 7, "codename": "add_group"}}, {"model": "auth.permission", "pk": 26, "fields": {"name": "Can change group", "content_type": 7, "codename": "change_group"}}, {"model": "auth.permission", "pk": 27, "fields": {"name": "Can delete group", "content_type": 7, "codename": "delete_group"}}, {"model": "auth.permission", "pk": 28, "fields": {"name": "Can view group", "content_type": 7, "codename": "view_group"}}, {"model": "auth.permission", "pk": 29, "fields": {"name": "Can add user", "content_type": 8, "codename": "add_user"}}, {"model": "auth.permission", "pk": 30, "fields": {"name": "Can change user", "content_type": 8, "codename": "change_user"}}, {"model": "auth.permission", "pk": 31, "fields": {"name": "Can delete user", "content_type": 8, "codename": "delete_user"}}, {"model": "auth.permission", "pk": 32, "fields": {"name": "Can view user", "content_type": 8, "codename": "view_user"}}, {"model": "auth.permission", "pk": 33, "fields": {"name": "Can add content type", "content_type": 9, "codename": "add_contenttype"}}, {"model": "auth.permission", "pk": 34, "fields": {"name": "Can change content type", "content_type": 9, "codename": "change_contenttype"}}, {"model": "auth.permission", "pk": 35, "fields": {"name": "Can delete content type", "content_type": 9, "codename": "delete_contenttype"}}, {"model": "auth.permission", "pk": 36, "fields": {"name": "Can view content type", "content_type": 9, "codename": "view_contenttype"}}, {"model": "auth.permission", "pk": 37, "fields": {"name": "Can add session", "content_type": 10, "codename": "add_session"}}, {"model": "auth.permission", "pk": 38, "fields": {"name": "Can change session", "content_type": 10, "codename": "change_session"}}, {"model": "auth.permission", "pk": 39, "fields": {"name": "Can delete session", "content_type": 10, "codename": "delete_session"}}, {"model": "auth.permission", "pk": 40, "fields": {"name": "Can view session", "content_type": 10, "codename": "view_session"}}, {"model": "auth.permission", "pk": 41, "fields": {"name": "Can add order", "content_type": 11, "codename": "add_order"}}, {"model": "auth.permission", "pk": 42, "fields": {"name": "Can change order", "content_type": 11, "codename": "change_order"}}, {"model": "auth.permission", "pk": 43, "fields": {"name": "Can delete order", "content_type": 11, "codename": "delete_order"}}, {"model": "auth.permission", "pk": 44, "fields": {"name": "Can view order", "content_type": 11, "codename": "view_order"}}, {"model": "auth.permission", "pk": 45, "fields": {"name": "Can add product order", "content_type": 12, "codename": "add_productorder"}}, {"model": "auth.permission", "pk": 46, "fields": {"name": "Can change product order", "content_type": 12, "codename": "change_productorder"}}, {"model": "auth.permission", "pk": 47, "fields": {"name": "Can delete product order", "content_type": 12, "codename": "delete_productorder"}}, {"model": "auth.permission", "pk": 48, "fields": {"name": "Can view product order", "content_type": 12, "codename": "view_productorder"}}, {"model": "auth.permission", "pk": 49, "fields": {"name": "Can add place", "content_type": 13, "codename": "add_place"}}, {"model": "auth.permission", "pk": 50, "fields": {"name": "Can change place", "content_type": 13, "codename": "change_place"}}, {"model": "auth.permission", "pk": 51, "fields": {"name": "Can delete place", "content_type": 13, "codename": "delete_place"}}, {"model": "auth.permission", "pk": 52, "fields": {"name": "Can view place", "content_type": 13, "codename": "view_place"}}, {"model": "auth.permission", "pk": 53, "fields": {"name": "Can add place", "content_type": 14, "codename": "add_place"}}, {"model": "auth.permission", "pk": 54, "fields": {"name": "Can change place", "content_type": 14, "codename": "change_place"}}, {"model": "auth.permission", "pk": 55, "fields": {"name": "Can delete place", "content_type": 14, "codename": "delete_place"}}, {"model": "auth.permission", "pk": 56, "fields": {"name": "Can view place", "content_type": 14, "codename": "view_place"}}, {"model": "auth.user", "pk": 1, "fields": {"password": "pbkdf2_sha256$260000$HDCOdV6cKh58yJ5oKQvIIX$JPGNfNz+8tvCq2YdaPFNHxpoVka6wWz19uBcEeqP6yI=", "last_login": "2024-02-21T11:41:49.406Z", "is_superuser": true, "username": "admin", "first_name": "", "last_name": "", "email": "a@a.com", "is_staff": true, "is_active": true, "date_joined": "2024-01-17T10:28:59.668Z", "groups": [], "user_permissions": []}}, {"model": "contenttypes.contenttype", "pk": 1, "fields": {"app_label": "foodcartapp", "model": "product"}}, {"model": "contenttypes.contenttype", "pk": 2, "fields": {"app_label": "foodcartapp", "model": "restaurant"}}, {"model": "contenttypes.contenttype", "pk": 3, "fields": {"app_label": "foodcartapp", "model": "restaurantmenuitem"}}, {"model": "contenttypes.contenttype", "pk": 4, "fields": {"app_label": "foodcartapp", "model": "productcategory"}}, {"model": "contenttypes.contenttype", "pk": 5, "fields": {"app_label": "admin", "model": "logentry"}}, {"model": "contenttypes.contenttype", "pk": 6, "fields": {"app_label": "auth", "model": "permission"}}, {"model": "contenttypes.contenttype", "pk": 7, "fields": {"app_label": "auth", "model": "group"}}, {"model": "contenttypes.contenttype", "pk": 8, "fields": {"app_label": "auth", "model": "user"}}, {"model": "contenttypes.contenttype", "pk": 9, "fields": {"app_label": "contenttypes", "model": "contenttype"}}, {"model": "contenttypes.contenttype", "pk": 10, "fields": {"app_label": "sessions", "model": "session"}}, {"model": "contenttypes.contenttype", "pk": 11, "fields": {"app_label": "foodcartapp", "model": "order"}}, {"model": "contenttypes.contenttype", "pk": 12, "fields": {"app_label": "foodcartapp", "model": "productorder"}}, {"model": "contenttypes.contenttype", "pk": 13, "fields": {"app_label": "foodcartapp", "model": "place"}}, {"model": "contenttypes.contenttype", "pk": 14, "fields": {"app_label": "addresses", "model": "place"}}, {"model": "sessions.session", "pk": "lnwxpfuzli43jaoy51ls5yz5pl0xemqr", "fields": {"session_data": ".eJxVjEEOwiAQRe_C2pB2Ogi4dO8ZyMBMpWogKe3KeHfbpAvdvvf-f6tA65LD2mQOE6uL6tXpl0VKTym74AeVe9WplmWeot4Tfdimb5XldT3av4NMLW9ri2SZAIXB4Ng5z4Q0pETRDeNZLFrnmEy02FHioQdjEMSBjxsD8OrzBfMON9Q:1rQ3AW:uJdEFyQ0kPkmeOeTaGDDO7QXSdJzLSzDD_DdMDcqlsU", "expire_date": "2024-01-31T10:29:12.307Z"}}, {"model": "sessions.session", "pk": "q05upguz30mylsi0b7t4mziwv63z6g3l", "fields": {"session_data": ".eJxVjEEOwiAQRe_C2pB2Ogi4dO8ZyMBMpWogKe3KeHfbpAvdvvf-f6tA65LD2mQOE6uL6tXpl0VKTym74AeVe9WplmWeot4Tfdimb5XldT3av4NMLW9ri2SZAIXB4Ng5z4Q0pETRDeNZLFrnmEy02FHioQdjEMSBjxsD8OrzBfMON9Q:1rckyz:G0OoPZKqeXbs-fxKln62D8H_rXs2WJ7SFhaZOoMJYAU", "expire_date": "2024-03-06T11:41:49.448Z"}}, {"model": "sessions.session", "pk": "qhv741fzhbek3rdvury4duiwcmzqqvbb", "fields": {"session_data": ".eJxVjEEOwiAQRe_C2pB2Ogi4dO8ZyMBMpWogKe3KeHfbpAvdvvf-f6tA65LD2mQOE6uL6tXpl0VKTym74AeVe9WplmWeot4Tfdimb5XldT3av4NMLW9ri2SZAIXB4Ng5z4Q0pETRDeNZLFrnmEy02FHioQdjEMSBjxsD8OrzBfMON9Q:1rRCtJ:S1UrXadMPgulDH-tc73QYW5syhFZBHNlXVjZ7B7Z7K8", "expire_date": "2024-02-03T15:04:13.757Z"}}, {"model": "sessions.session", "pk": "vevj9rqx05odn5h6gsyvja4jd3ewnmlq", "fields": {"session_data": ".eJxVjEEOwiAQRe_C2pB2Ogi4dO8ZyMBMpWogKe3KeHfbpAvdvvf-f6tA65LD2mQOE6uL6tXpl0VKTym74AeVe9WplmWeot4Tfdimb5XldT3av4NMLW9ri2SZAIXB4Ng5z4Q0pETRDeNZLFrnmEy02FHioQdjEMSBjxsD8OrzBfMON9Q:1rWe0c:qncgn19-RNQLq3hCbtclGygcziZVHAKzxUsAy3J-Cbk", "expire_date": "2024-02-18T15:02:14.322Z"}}]